name,icon
ミランダフラワー,
ツリーガード,
竜のツリーガード,
夜の騎兵,
カーリアの親衛騎士,
爛れた樹霊,
黄金カバ,
王族の幽鬼,
死儀礼の鳥,
公のフレイディア,
古竜,
トロール,
黄金樹の化身,
祖霊,
接ぎ木の貴公子,
鈴玉狩り,
亜人の女王,
老獅子,
ザミェルの古英雄,
百足のデーモン,
竜人兵,
坩堝の騎士,
黒き剣の眷属,
王配の赤狼,
黒き刃の刺客,
溶岩土竜,
竜のツリーガード&王都の騎兵,
丘陵の飛竜,
無名の王,
ミミズ顔,
失地騎士,
接ぎ木の君主,
忌み鬼,
獅子の混種,
亜人の女王&剣聖,
ツリーガード&王都の騎兵,
僻地の宿将,
戦場の宿将,
溶鉄デーモン,
大土竜,
神肌の貴種&使徒,
貪食ドラゴン,
降る星の成獣,
英雄のガーゴイル,
ティビアの呼び舟,
坩堝の騎士&黄金カバ,
冷たい谷の踊り子,
死の騎士,
大赤熊,
傷ついたデーモン&うろ底のデーモン,
神獣騎士&呪剣士,
騎士アルトリウス,
神獣獅子舞,
デーモンの王子,
血の君主,
